Pars,Mean,SD,HDI_low,HDI_high
tau[1],2.740541653,0.696882184,1.534232475,4.263708604
tau[2],3.101359792,1.266988755,0.972169341,6.010761427
tau[3],0.757423201,0.778508326,0.015373306,2.893393665
tau[4],3.976111307,0.992215439,2.368156106,6.302185486
tau[5],3.617513797,1.383911704,1.035759897,6.977050503
tau[6],2.838260282,0.98784573,1.33704772,5.250668641
tau[7],0.353950121,0.22011928,0.027651637,0.883983396
tau[8],0.636999781,0.126518727,0.395770522,0.899780996
tau[9],1.217219957,0.258168512,0.753063124,1.764733818